<?xml version="1.0"?>
<config>
    <acl>
        <resources>
            <admin>
                <children>
                    <system>
                        <children>
                            <config>
                                <children>
                                    <aitconfcheckout translate="title" module="aitconfcheckout">
                                        <title>Aitoc Configurable Checkout Section</title>
                                    </aitconfcheckout>
                                </children>
                            </config>
                        </children>
                    </system>
                </children>
            </admin>
        </resources>
    </acl>
</config>

<!--
/**
 * Configurable Checkout
 *
 * @category:    Aitoc
 * @package:     Aitoc_Aitconfcheckout
 * @version      2.1.27
 * @license:     2qI6oAD8hvvkjMutXwa7Vp1gcsMrnxn0DqZRLmfWz9
 * @copyright:   Copyright (c) 2015 AITOC, Inc. (http://www.aitoc.com)
 */
-->
