<?xml version="1.0"?>
<config>
    <template>
        <frontend>
            <file path="design--frontend--base--default--template--checkout--onepage--progress"></file>
            <file path="design--frontend--base--default--template--checkout--onepage--billing"></file>
            <file path="design--frontend--base--default--template--checkout--onepage--shipping"></file>
            <file path="design--frontend--base--default--template--paypal--express--review" version="1.7.0.0" operator="ge"></file>
            <file path="design--frontend--base--default--template--paypal--express--review--address" version="1.7.0.0" operator="ge" optional="1"></file>

            <file path="design--frontend--rwd--default--template--checkout--onepage--progress" version="1.9.0.0" operator="ge"></file>
            <file path="design--frontend--rwd--default--template--checkout--onepage--shipping" version="1.9.0.0" operator="ge"></file>
            <file path="design--frontend--rwd--default--template--paypal--express--review--address" version="1.9.0.0" operator="ge"></file>
        </frontend>
    </template>
</config>
<!--
/**
 * Configurable Checkout
 *
 * @category:    Aitoc
 * @package:     Aitoc_Aitconfcheckout
 * @version      2.1.27
 * @license:     2qI6oAD8hvvkjMutXwa7Vp1gcsMrnxn0DqZRLmfWz9
 * @copyright:   Copyright (c) 2015 AITOC, Inc. (http://www.aitoc.com)
 */
-->
